{
  "Working Directory" : "\/Users\/jiboulte",
  "Prompt Before Closing 2" : false,
  "Selected Text Color" : {
    "Green Component" : 1,
    "Red Component" : 0.99989014863967896,
    "Blue Component" : 0.999828040599823
  },
  "Rows" : 25,
  "Ansi 11 Color" : {
    "Green Component" : 0.81385296583175659,
    "Red Component" : 0.84752464294433594,
    "Blue Component" : 0.40406763553619385
  },
  "Use Italic Font" : true,
  "HotKey Characters" : " ",
  "Foreground Color" : {
    "Green Component" : 0.96448075771331787,
    "Red Component" : 0.96621626615524292,
    "Blue Component" : 0.93707239627838135
  },
  "HotKey Window Floats" : true,
  "Right Option Key Sends" : 0,
  "Character Encoding" : 4,
  "Selection Color" : {
    "Green Component" : 0.16536127030849457,
    "Red Component" : 0.16686910390853882,
    "Blue Component" : 0.14236269891262054
  },
  "Blend" : 0.45584935897435902,
  "Mouse Reporting" : true,
  "Ansi 4 Color" : {
    "Green Component" : 0.72489368915557861,
    "Red Component" : 0.38222122192382812,
    "Blue Component" : 0.81746715307235718
  },
  "Non-ASCII Anti Aliased" : true,
  "Sync Title" : false,
  "Disable Window Resizing" : true,
  "Description" : "Default",
  "Close Sessions On End" : true,
  "Jobs to Ignore" : [
    "rlogin",
    "ssh",
    "slogin",
    "telnet"
  ],
  "Scrollback Lines" : 1000,
  "HotKey Window Reopens On Activation" : false,
  "Flashing Bell" : false,
  "Cursor Guide Color" : {
    "Red Component" : 0.70213186740875244,
    "Color Space" : "sRGB",
    "Blue Component" : 1,
    "Alpha Component" : 0.25,
    "Green Component" : 0.9268307089805603
  },
  "BM Growl" : true,
  "Ansi 3 Color" : {
    "Green Component" : 0.81385296583175659,
    "Red Component" : 0.84752464294433594,
    "Blue Component" : 0.40406763553619385
  },
  "Use Non-ASCII Font" : false,
  "Link Color" : {
    "Red Component" : 0,
    "Color Space" : "sRGB",
    "Blue Component" : 0.73423302173614502,
    "Alpha Component" : 1,
    "Green Component" : 0.35916060209274292
  },
  "Shortcut" : "",
  "Bold Color" : {
    "Green Component" : 1,
    "Red Component" : 0.99989014863967896,
    "Blue Component" : 0.999828040599823
  },
  "Unlimited Scrollback" : false,
  "Custom Command" : "No",
  "HotKey Key Code" : 49,
  "Keyboard Map" : {
    "0xf700-0x260000" : {
      "Text" : "[1;6A",
      "Action" : 10
    },
    "0x37-0x40000" : {
      "Text" : "0x1f",
      "Action" : 11
    },
    "0x32-0x40000" : {
      "Text" : "0x00",
      "Action" : 11
    },
    "0xf709-0x20000" : {
      "Text" : "[17;2~",
      "Action" : 10
    },
    "0xf70c-0x20000" : {
      "Text" : "[20;2~",
      "Action" : 10
    },
    "0xf729-0x20000" : {
      "Text" : "[1;2H",
      "Action" : 10
    },
    "0xf72b-0x40000" : {
      "Text" : "[1;5F",
      "Action" : 10
    },
    "0xf705-0x20000" : {
      "Text" : "[1;2Q",
      "Action" : 10
    },
    "0xf703-0x260000" : {
      "Text" : "[1;6C",
      "Action" : 10
    },
    "0xf700-0x220000" : {
      "Text" : "[1;2A",
      "Action" : 10
    },
    "0xf701-0x280000" : {
      "Text" : "0x1b 0x1b 0x5b 0x42",
      "Action" : 11
    },
    "0x38-0x40000" : {
      "Text" : "0x7f",
      "Action" : 11
    },
    "0x33-0x40000" : {
      "Text" : "0x1b",
      "Action" : 11
    },
    "0xf703-0x220000" : {
      "Text" : "[1;2C",
      "Action" : 10
    },
    "0xf701-0x240000" : {
      "Text" : "[1;5B",
      "Action" : 10
    },
    "0xf70d-0x20000" : {
      "Text" : "[21;2~",
      "Action" : 10
    },
    "0xf702-0x260000" : {
      "Text" : "[1;6D",
      "Action" : 10
    },
    "0xf729-0x40000" : {
      "Text" : "[1;5H",
      "Action" : 10
    },
    "0xf706-0x20000" : {
      "Text" : "[1;2R",
      "Action" : 10
    },
    "0x34-0x40000" : {
      "Text" : "0x1c",
      "Action" : 11
    },
    "0xf700-0x280000" : {
      "Text" : "0x1b 0x1b 0x5b 0x41",
      "Action" : 11
    },
    "0x2d-0x40000" : {
      "Text" : "0x1f",
      "Action" : 11
    },
    "0xf70e-0x20000" : {
      "Text" : "[23;2~",
      "Action" : 10
    },
    "0xf702-0x220000" : {
      "Text" : "[1;2D",
      "Action" : 10
    },
    "0xf703-0x280000" : {
      "Text" : "0x1b 0x1b 0x5b 0x43",
      "Action" : 11
    },
    "0xf700-0x240000" : {
      "Text" : "[1;5A",
      "Action" : 10
    },
    "0xf707-0x20000" : {
      "Text" : "[1;2S",
      "Action" : 10
    },
    "0xf70a-0x20000" : {
      "Text" : "[18;2~",
      "Action" : 10
    },
    "0x35-0x40000" : {
      "Text" : "0x1d",
      "Action" : 11
    },
    "0xf70f-0x20000" : {
      "Text" : "[24;2~",
      "Action" : 10
    },
    "0xf703-0x240000" : {
      "Text" : "[1;5C",
      "Action" : 10
    },
    "0xf701-0x260000" : {
      "Text" : "[1;6B",
      "Action" : 10
    },
    "0xf702-0x280000" : {
      "Text" : "0x1b 0x1b 0x5b 0x44",
      "Action" : 11
    },
    "0xf72b-0x20000" : {
      "Text" : "[1;2F",
      "Action" : 10
    },
    "0x36-0x40000" : {
      "Text" : "0x1e",
      "Action" : 11
    },
    "0xf708-0x20000" : {
      "Text" : "[15;2~",
      "Action" : 10
    },
    "0xf701-0x220000" : {
      "Text" : "[1;2B",
      "Action" : 10
    },
    "0xf70b-0x20000" : {
      "Text" : "[19;2~",
      "Action" : 10
    },
    "0xf702-0x240000" : {
      "Text" : "[1;5D",
      "Action" : 10
    },
    "0xf704-0x20000" : {
      "Text" : "[1;2P",
      "Action" : 10
    }
  },
  "Ansi 14 Color" : {
    "Green Component" : 0.2202860563993454,
    "Red Component" : 0.83879584074020386,
    "Blue Component" : 0.3957560658454895
  },
  "Ansi 2 Color" : {
    "Green Component" : 0.83088302612304688,
    "Red Component" : 0.65560126304626465,
    "Blue Component" : 0.17389380931854248
  },
  "Send Code When Idle" : false,
  "ASCII Anti Aliased" : true,
  "Tags" : [

  ],
  "Ansi 9 Color" : {
    "Green Component" : 0.16634491086006165,
    "Red Component" : 0.82181340456008911,
    "Blue Component" : 0.14207941293716431
  },
  "Use Bold Font" : true,
  "Silence Bell" : false,
  "Ansi 12 Color" : {
    "Green Component" : 0.72489368915557861,
    "Red Component" : 0.38222122192382812,
    "Blue Component" : 0.81746715307235718
  },
  "Window Type" : 0,
  "Use Bright Bold" : true,
  "Has Hotkey" : true,
  "HotKey Modifier Activation" : 0,
  "Cursor Text Color" : {
    "Green Component" : 0.15575926005840302,
    "Red Component" : 0,
    "Blue Component" : 0.19370138645172119
  },
  "HotKey Window Dock Click Action" : 0,
  "Default Bookmark" : "No",
  "Cursor Color" : {
    "Green Component" : 0.50962930917739868,
    "Red Component" : 0.44058024883270264,
    "Blue Component" : 0.51685798168182373
  },
  "Ansi 1 Color" : {
    "Green Component" : 0.10840655118227005,
    "Red Component" : 0.81926977634429932,
    "Blue Component" : 0.14145714044570923
  },
  "Name" : "Default",
  "Blinking Cursor" : false,
  "Guid" : "E8E762E4-44E0-4707-B854-82A20E96B891",
  "Idle Code" : 0,
  "Ansi 10 Color" : {
    "Green Component" : 0.83088302612304688,
    "Red Component" : 0.65560126304626465,
    "Blue Component" : 0.17389380931854248
  },
  "Ansi 8 Color" : {
    "Green Component" : 0.11400297284126282,
    "Red Component" : 0.11279432475566864,
    "Blue Component" : 0.098313517868518857
  },
  "Badge Color" : {
    "Red Component" : 1,
    "Color Space" : "sRGB",
    "Blue Component" : 0,
    "Alpha Component" : 0.5,
    "Green Component" : 0.1491314172744751
  },
  "Ambiguous Double Width" : false,
  "Blur Radius" : 21.711399508248729,
  "Ansi 0 Color" : {
    "Green Component" : 0.11400297284126282,
    "Red Component" : 0.11279432475566864,
    "Blue Component" : 0.098313517868518857
  },
  "Blur" : true,
  "Normal Font" : "Monaco 12",
  "Vertical Spacing" : 1,
  "Ansi 7 Color" : {
    "Green Component" : 1,
    "Red Component" : 0.99989014863967896,
    "Blue Component" : 0.999828040599823
  },
  "Space" : -1,
  "HotKey Window AutoHides" : true,
  "Command" : "",
  "Terminal Type" : "xterm-256color",
  "Horizontal Spacing" : 1,